Date,Budget
"Wednesday, January 1, 2020",299000
"Saturday, February 1, 2020",3168000
"Sunday, March 1, 2020",8440000
"Wednesday, April 1, 2020",2516000
"Friday, May 1, 2020",2868000
"Monday, June 1, 2020",7777000
"Wednesday, July 1, 2020",8317000
"Saturday, August 1, 2020",6814000
"Tuesday, September 1, 2020",6159000
"Thursday, October 1, 2020",7956000
"Sunday, November 1, 2020",5962000
"Tuesday, December 1, 2020",3370000
"Friday, January 1, 2021",4443000
"Monday, February 1, 2021",170000
"Monday, March 1, 2021",2698000
"Thursday, April 1, 2021",472000
"Saturday, May 1, 2021",4181000
"Tuesday, June 1, 2021",7951000
